"V1","V2","V3","V4","V5","V6","V7","V8","V9","V10","V11","V12","V13","V14","V15","V16","V17","V18","V19","V20","V21","V22","V23","V24","V25","V26","V27","V28","V29","V30","V31","V32","V33","V34","V35","V36","V37","V38","V39","V40","V41","V42","V43","V44","V45","V46","V47","V48","V49","V50"
-0.328709296882153,0.0400573015213013,0.158764455467463,-0.467588722705841,-0.0543701872229576,-0.0266688913106918,-0.0639858543872833,0.562975639477372,0.0887223184108734,0.000243276357650757,-0.55701869726181,0.963894426822662,0.0485746264457703,-0.535477589815855,0.414047963917255,0.0550158396363258,0.00856286287307739,-0.0219825394451618,-0.421047002077103,-0.28074923157692,0.0216529434546828,-0.594609588384628,0.0738567560911179,-0.371914513409138,0.512405343353748,-0.363705828785896,-0.527798533439636,-0.347642056643963,-0.137828089296818,0.581183180212975,-0.142055317759514,0.105481714010239,0.310235507786274,0.535463318228722,-0.379986941814423,0.0287745669484138,0.428964959457517,0.441931948065758,0.385896913707256,-0.359791204333305,0.182362854480743,1.14940708875656,-0.0345622375607491,-0.477488145232201,0.140985533595085,-0.586238995194435,0.261033929884434,-0.294345155358315,-0.173350291326642,-0.323977567255497
-0.285450607538223,0.383904777467251,-0.237337782979012,-0.104342725127935,-0.0139158368110657,0.00856821238994598,0.430617913603783,-0.177698612213135,-0.121083736419678,-0.444038450717926,0.247152406722307,-0.218806985765696,0.704630225896835,0.27913361787796,-0.353580757975578,-0.748108744621277,0.0201598552521318,-0.961830705404282,-0.265713216736913,-0.634816633537412,-0.180810131132603,0.0865593552589417,0.748651504516602,-0.161999374628067,0.67437270283699,-0.127772510051727,0.402433797717094,-0.487551964819431,-0.108068738132715,-0.686577528715134,0.504127845168114,-0.378698043525219,-0.222518108785152,0.504973657429218,-0.97695580124855,0.40751051006373,0.184610806405544,-0.852488934993744,-0.558970838785172,0.462528571486473,-0.590987309813499,0.400486767292023,-0.140128582715988,-0.828020870685577,-0.536837927997112,-0.289610102772713,-0.414316706359386,-0.712077409029007,0.091950386762619,0.452148303389549
0.765885174274445,0.00904693081974983,-0.330684418790042,0.548454254865646,-0.166451409459114,0.246463313698769,0.928186774253845,0.684033900499344,0.57417143881321,-0.286350928246975,-0.508750028908253,0.467180505394936,-0.210929498076439,0.374022665433586,-0.227043509483337,-0.403202801942825,-0.260983526706696,-0.0256613790988922,0.495258539915085,0.405106320977211,-0.0556900203227997,-0.118932694196701,0.378833800554276,0.0457805544137955,0.0418298877775669,-0.643552795052528,-0.359121754765511,0.160410329699516,0.282160547561944,-0.802750557661057,-0.286205500364304,0.131934463977814,-1.02808094024658,0.131212562322617,-0.825144469738007,0.0392099544405937,0.359830409346614,0.219536579214036,0.0641710758209229,-0.0784810483455658,-0.00562384724617004,0.398290805518627,0.591359689831734,0.152619510889053,-0.54659765958786,0.43965545296669,0.183952919556759,-1.03504437208176,0.372551698237658,-0.389414943754673
-0.599552124738693,0.298455007374287,-0.133084028959274,-0.474475469440222,-0.0827118754386902,-0.498651713132858,0.257600102573633,-0.787038862705231,-0.458068117499352,0.405150603502989,-0.0460877604782581,-0.148533344268799,0.706052482128143,-0.247723735868931,-0.773739963769913,-0.236525997519493,-0.556243401020765,0.160483196377754,-0.218640089500695,0.288698233664036,-0.453144520521164,-0.354354988783598,0.433257002383471,-0.258100263774395,-0.363503471016884,0.34561251103878,0.0477334409952164,0.67136025428772,-0.162924006581306,0.418444782495499,-0.976114869117737,0.0593107640743256,0.416947364807129,-0.208995059132576,0.459694590419531,-0.30161439627409,-0.751834839582443,-0.360833662562072,0.293382160365582,0.688457816839218,-0.801735818386078,0.0386126488447189,-0.0854707360267639,0.0543957948684692,0.812706917524338,0.452617585659027,-0.227007873356342,-0.841319054365158,0.405396865680814,0.726267650723457
0.377303719520569,0.290619872510433,0.13857439905405,0.317997395992279,-0.0347009301185608,0.0785702913999557,-0.445230737328529,0.293404705822468,-0.0353016257286072,0.367841020226479,-0.479585513472557,-0.264980241656303,0.164833718910813,-0.696368739008904,0.00299976021051407,0.404313169419765,-0.102226167917252,0.808090299367905,0.602070808410645,-0.73680192232132,-0.451696500182152,-0.490889638662338,0.448635816574097,-0.047987699508667,0.191759765148163,0.111891880631447,1.30984193086624,-0.359109453856945,-0.0746707618236542,0.382137071341276,0.191702753305435,-0.00325506925582886,-0.0470034182071686,-0.0197187960147858,0.256444983184338,-0.272248268127441,-0.574008345603943,-0.0210828483104706,-0.309720560908318,-0.157248209230602,0.0871281921863556,0.50133790075779,0.0409471951425076,0.0231175571680069,0.00306305289268494,-0.371472582221031,-0.401446253061295,0.0175481252372265,0.363877847790718,0.140275485813618
-0.362663570791483,0.0502803921699524,-0.701738744974136,0.421094760298729,-0.289170034229755,-0.0283901989459991,-0.00863821804523468,0.044057309627533,-0.10077103972435,-0.105022266507149,0.0728144347667694,0.750146329402924,-0.163218948990107,0.488545324653387,-0.637323647737503,-0.800431102514267,-0.360123857855797,0.338389975484461,-0.240480482578278,-0.279930830001831,0.0264438539743423,-0.270484812557697,-0.217256933450699,-0.409859150648117,0.0896079838275909,-0.488730892539024,-0.0551325976848602,-0.0971947610378265,0.167537981644273,0.149427175521851,-0.647290900349617,-0.282305609434843,-0.443484544754028,-0.596071764826775,0.129439553245902,-0.160363309085369,-0.0484642833471298,0.174210026860237,-0.275774657726288,0.158105880022049,-0.612864464521408,0.736538946628571,-0.0805240869522095,-0.395853936672211,0.0566222816705704,0.0340543836355209,1.10973137617111,-0.630525626242161,0.0831518992781639,-0.339280366897583
0.0240637063980103,-0.576567053794861,-0.713429301977158,-0.0104662030935287,-0.59802483022213,-0.190145932137966,-0.238031279295683,-0.401709690690041,0.0485584586858749,0.502025738358498,0.211232548579574,-0.0774782188236713,-0.232424437999725,0.210455894470215,-0.103057354688644,0.232282653450966,-0.435637846589088,0.106659643352032,-0.774001866579056,0.499602980911732,-0.754752606153488,-0.480201676487923,-0.213369518518448,-0.204705383628607,-0.322391033172607,-0.248334437608719,-0.793259829282761,0.204068884253502,-0.507838869467378,-0.321691684424877,-0.538404680788517,0.432884052395821,0.375789724290371,-0.108115121722221,0.260641787201166,0.268132083117962,-0.00605785846710205,0.0730377808213234,-0.199069242924452,0.096982441842556,-0.243535190820694,-0.121217101812363,-0.314231276512146,-0.0198542773723602,0.354968219995499,0.260088682174683,-0.424883494153619,0.30837170407176,0.473029479384422,0.307782717049122
0.70231106877327,0.340667232871056,0.675041332840919,0.21815188229084,0.879247188568115,0.622629076242447,-0.56606413424015,-0.329685717821121,0.189173549413681,0.654632546007633,-0.674666881561279,-0.466855853796005,-0.931469351053238,0.126199528574944,0.24504292011261,0.154440581798553,0.343022614717484,0.541637733578682,-0.207576729357243,0.105148829519749,0.19475793838501,-0.327122762799263,-0.478212520480156,0.362276881933212,-0.443296432495117,0.129273504018784,0.0408162698149681,0.441027530934662,0.239795997738838,-0.0404384434223175,-0.295231843367219,-0.649425357580185,-0.507068157196045,0.283324062824249,-0.349888041615486,0.4772486127913,-0.670562267303467,-0.385725662112236,0.035227507352829,-0.261820040643215,-0.132150888442993,0.530363380908966,0.413564078509808,0.637932217214257,0.204859994351864,0.121902465820312,0.326193057000637,0.324599735438824,0.221748520620167,-0.223060175776482
-0.418975427746773,-0.244376808404922,0.587784856557846,-0.224586933851242,-0.546764206141233,-0.095331996679306,0.135223008692265,0.168577700853348,-0.209598019719124,-0.419245190918446,0.151929758489132,-0.000960499048233032,-0.00369039177894592,0.319626770913601,0.352079473435879,0.456872642040253,-0.571844950318336,0.34436558932066,-0.288883851841092,-0.185438483953476,0.301677700132132,-0.0199046693742275,-0.0327488780021667,0.0806429535150528,-0.14895598590374,-0.257764082401991,-0.0236138552427292,-0.0477892458438873,-0.335865065455437,-0.0386268682777882,-0.674166262149811,-0.386099249124527,-0.0628451006487012,0.131534427404404,-0.252816200256348,-0.8329057097435,-0.296465054154396,0.811100333929062,0.359490349888802,0.352424517273903,-0.356788143515587,0.352932311594486,0.319426402449608,0.236812144517899,-0.410041272640228,-0.318878009915352,0.109590500593185,1.07195639610291,0.0673760995268822,-0.0263433754444122
0.171689011156559,-0.354596450924873,0.0822531580924988,-0.364271603524685,0.387419976294041,0.0490784891881049,0.351437836885452,-0.271420583128929,-0.165766390971839,-0.00149915367364883,-0.415567606687546,0.189997840672731,0.091971417888999,0.92308434844017,-0.3169906437397,0.529030732810497,0.0126669704914093,0.714815974235535,-0.0703745894134045,0.26990007807035,1.15160021185875,-0.401813641190529,-0.275499269366264,-0.254310548305511,0.175235360860825,0.0481450110673904,-0.403267781250179,-0.148470118641853,0.316665895283222,-0.223464861512184,-0.624272882938385,0.528861600905657,-0.471027232706547,-0.212575346231461,0.38250220566988,-0.833774834871292,-0.0205504894256592,0.114705145359039,0.706451058387756,0.073051780462265,-0.122527122497559,0.275058798491955,-0.0141711086034775,0.546892002224922,-0.179084643721581,0.328999511897564,-0.110270529985428,-0.51470559835434,-0.00999825447797775,0.118442444130778
0.241951704025269,0.0829494521021843,0.035978376865387,0.207003433257341,-0.286185175180435,-0.247855625115335,0.395224772393703,0.109239056706429,-0.105991374701262,-0.518891498446465,-0.192233040928841,-0.597437493503094,0.610928848385811,0.216592818498611,-0.388515822589397,-0.120735069736838,-0.399886164814234,-0.500013865530491,0.219980806112289,-0.196756392717361,-0.479794949293137,0.0903345420956612,0.721765771508217,-0.138840317726135,0.0659711211919785,-0.463086023926735,0.93862971663475,0.0959052294492722,-0.444074034690857,-0.00137686729431152,-0.433796935714781,-0.407222213223577,-0.311377100646496,-0.0671619549393654,-0.318019408732653,-0.168106995522976,0.30600256472826,0.836182504892349,0.367450267076492,-0.607670575380325,0.0112174600362778,-0.0311946272850037,-0.0394587516784668,-0.551850217394531,-0.352808594703674,-0.21381987631321,0.0296003073453903,-0.114502549171448,0.694610387086868,0.112412925809622
-0.345621524378657,-0.235431060194969,-0.0941649377346039,-0.0958621203899384,-0.357101112604141,-0.375895746052265,0.300244212150574,0.175437077879906,0.0730992592871189,0.172210812568665,0.342787533998489,-0.0418347865343094,-0.243869088590145,-0.424895934760571,-0.0232716798782349,0.0975107215344906,-0.11246956512332,-0.07856085896492,0.596019566059113,-0.251817403361201,0.538836523890495,-0.607520774006844,-0.300348609685898,0.309343002736568,0.0641986578702927,0.187890559434891,0.630728751420975,0.283575981855392,-0.0422337464988232,0.0195269584655762,-0.175990115851164,0.61913189291954,-0.259562119841576,0.106968864798546,0.0946002006530762,-0.601180627942085,0.0212254077196121,0.403571516275406,-0.651325255632401,-0.12582802772522,0.603683829307556,-0.173854112625122,0.417368344264105,0.451689422130585,0.355719402432442,0.445992663502693,0.0275444984436035,0.0910941660404205,-0.174143671989441,0.328284494578838
-0.125618102028966,0.257975280284882,-0.339352790033445,-0.668273448944092,-0.0879181921482086,0.0695586204528809,0.54698240198195,-0.182864189147949,0.171961978077888,0.112107932567596,0.490214332938194,0.0194569528102875,-0.430073872208595,-0.487061038613319,-0.0274990499019623,-0.510006621479988,-0.549679636955261,-0.204001098871231,0.559478580951691,-0.158577594906092,0.412327256053686,-0.0080496072769165,-0.0972078740596771,-0.496935810893774,-0.159201184287667,0.504470283165574,0.542484045028687,-0.0591611564159393,-0.324818317778409,-0.474201112985611,-0.541952311992645,-0.453677117824554,0.449520833790302,0.357300966978073,-0.119086474180222,-0.67225743830204,0.557905465364456,0.762448541820049,0.200764991343021,0.0424953401088715,-0.31000430136919,-0.105229631066322,0.239355864934623,-0.283878967165947,0.341871730983257,-0.0809094570577145,-0.31781642884016,0.590710505843163,0.130285732448101,-0.30333387106657
-0.21878757327795,-0.167972550727427,0.409814473241568,0.414102765265852,-0.173468269407749,0.405843568965793,0.402593284845352,0.303112082183361,0.0445704609155655,0.467528134584427,-0.0419082790613174,-0.0258031785488129,0.301349299028516,0.24670584499836,-0.00378550589084625,0.799544960260391,-0.29403505474329,-0.172722510993481,0.279184505343437,0.171563774347305,-0.0535484552383423,0.105348005890846,0.915403410792351,-0.380090743303299,-0.477087408304214,0.115124315023422,0.852320745587349,0.0668925195932388,-0.383852624800056,-0.652612060308456,-0.52182848751545,0.175315890461206,0.500137475319207,-0.46139870211482,-0.0183717980980873,-0.506079368293285,0.389407381415367,0.538478791713715,0.259590543806553,-0.129471587017179,0.373134195804596,0.502579852938652,-0.483414173126221,-0.330207305960357,-0.401235297322273,-0.0291681885719299,-0.602346450090408,0.116899743676186,0.347670882940292,0.126973941922188
0.0663812607526779,0.235891595482826,-0.845601707696915,-0.187148034572601,-0.389221489429474,1.04525947570801,-0.00365830212831497,0.944903075695038,-0.291950047016144,0.0567995607852936,-0.1488416492939,-0.0998650714755058,0.487568706274033,-0.412918753921986,0.266294527798891,0.430376872420311,-0.457637906074524,-0.0725973471999168,0.158241476863623,0.555805634707212,0.94437575340271,0.358108861371875,0.444836799055338,-0.117619872093201,0.0567449331283569,-0.0691343396902084,-0.0105625689029694,0.487685546278954,-0.0440802276134491,0.403368354775012,-0.196223586797714,-0.191819332540035,-0.766742020845413,0.39313206076622,-0.132479291409254,-0.942278683185577,0.38826222717762,0.899044126272202,0.132189139723778,-0.841113746166229,-0.324195861816406,0.158474929630756,0.500105049461126,-0.174065828323364,-0.41692690551281,0.363621214331943,0.0686768889427185,-0.362175777554512,-0.349715863354504,0.233921065926552
-1.04510450363159,-0.213360577821732,-0.199627846479416,-0.433255985379219,-0.113948687911034,0.345341175794601,0.239258395507932,0.00131028890609741,-0.396788019512314,0.913213789463043,-0.0931370258331299,0.332772577181458,0.085943192243576,-0.273232489824295,-0.885587751865387,0.542780809104443,-0.769143909215927,0.0928225591778755,0.198906539008021,0.109347056597471,0.853209793567657,0.118648618459702,0.966056048870087,-0.414964571595192,0.19176883995533,0.190396904945374,0.161613848060369,-0.832928746938705,-0.629148698411882,0.142091810703278,0.240803547203541,-0.147674530744553,-0.364583142101765,-1.20022773742676,0.222834631800652,-0.528202027082443,-0.346354283392429,0.433210670948029,1.12597894668579,-0.0212213257327676,0.41337063908577,0.202261447906494,-0.613054245710373,-0.0149640403687954,-0.417649060487747,-0.0759709179401398,0.0123104453086853,-0.192950889468193,0.19482558965683,0.0189211964607239
-0.524426280520856,0.0527341812849045,-0.0710671246051788,1.01015248894691,-0.448520012199879,0.185141459107399,-0.740127637982368,-0.347374558448792,0.0105063915252686,-0.573634043335915,0.216193482279778,-0.219962328672409,-0.336330845952034,-0.2171496078372,-0.153430979698896,0.040269136428833,0.0829909760504961,-0.850271910429001,-0.0177507698535919,0.716047376394272,0.31212941557169,-0.139181660488248,0.503858879208565,0.899615257978439,-0.721027806401253,-0.0650257766246796,0.00291293859481812,-0.276644588448107,-0.179919425398111,0.750641658902168,0.4841568171978,0.00875097513198853,-0.0121509432792664,-0.128413945436478,-0.0297869462519884,-0.271410033106804,-0.134145304560661,-0.0897225383669138,0.474497581832111,-0.262967154383659,0.0281210839748383,-0.199976715259254,0.230721771717072,-0.790910229086876,0.0233363658189774,0.712988883256912,0.317938171327114,-0.0872448235750198,0.141265489161015,0.1979975476861
0.0971868559718132,-0.00400201976299286,-0.385796666145325,0.298545207828283,0.0382303893566132,0.0131844505667686,-0.416225149296224,-0.119081765413284,0.273556925356388,0.193311937153339,-0.18420173600316,-0.0851433090865612,0.35817750915885,0.364760830998421,0.448425296228379,0.150698095560074,0.600703030824661,0.506408646702766,0.592333406209946,0.109064638614655,-0.601998329162598,0.385276488959789,-0.396161444485188,0.913617074489594,-0.371373625472188,0.484250232577324,-0.0873503983020782,-0.286015212535858,-0.152632057666779,0.079973965883255,0.910642325878143,-0.221444636583328,0.155351579189301,0.780721426010132,0.0301166474819183,-0.684220358729362,-0.375813104212284,0.114691033959389,-0.46665646135807,0.412627868354321,-0.238439533859491,-0.0316497310996056,0.648611724376678,-0.0840170718729496,0.0199902057647705,-0.559645712375641,0.903311103582382,-0.20855276286602,-0.421159278601408,-0.307352336589247
0.655768096446991,0.0474784374237061,0.27924606949091,0.461049262434244,-0.399940501898527,0.422240272164345,-0.853925913572311,0.0188438296318054,-0.767048597335815,0.221703607589006,-0.292150817811489,-0.495629038661718,-0.761616870760918,-0.0217476859688759,0.286923537030816,-0.283006437122822,-0.210157616063952,-0.432574063539505,0.567557901144028,0.38489706069231,-0.854857161641121,0.0480977892875671,-0.593178153038025,0.066275030374527,0.198389314115047,0.0927963554859161,-0.10376301407814,0.0793324708938599,-0.114504754543304,0.228498298674822,0.0475929975509644,0.0713232457637787,0.482340924441814,0.350231647491455,0.877846151590347,0.310987785458565,0.0675408393144608,-0.008279949426651,0.174832232296467,0.0791753381490707,0.186585403978825,0.400384874083102,-0.651963029056787,0.793833300471306,0.57798957824707,-0.700271964073181,0.249461224302649,0.513514764606953,-0.225335569120944,-0.403853096067905
-0.475343443453312,0.173702999949455,0.308998517692089,0.548896342515945,0.610136233270168,-0.465161878615618,0.504452377557755,0.234346479177475,0.138049017637968,-0.601348534226418,0.00940917432308197,-0.74001644551754,0.932741284370422,0.520621493458748,0.197140506468713,0.339918676763773,0.307138562202454,-0.644031899049878,-0.0223836004734039,0.462728168349713,-0.13756662234664,-0.0759490430355072,-0.115555942058563,0.162492875009775,-0.907872378826141,0.240808699280024,0.287274181842804,0.363632068037987,-0.641386687755585,-0.16890861839056,0.0265460014343262,-0.442263837903738,0.536773681640625,-0.195110186934471,0.421836875379086,-0.0216420292854309,0.702460721135139,0.423401772975922,-0.515518933534622,-0.0535121113061905,0.301081382669508,-0.729273244738579,-0.311366315931082,-0.296278968453407,-0.0173493474721909,0.225059628486633,0.217309594154358,-0.0639886520802975,-0.154930382966995,0.570782080292702
-0.418297566473484,0.65930649638176,0.329120390117168,0.0503003764897585,0.389042381197214,-0.0512492656707764,0.663817495107651,-0.253183290362358,0.124059289693832,-0.0425586700439453,-0.484429646283388,0.620700374245644,-0.208835750818253,-0.0389877036213875,-0.171612292528152,0.440466813743114,-0.133015543222427,0.0248461961746216,0.346880793571472,0.053590327501297,0.593337059020996,-0.101912267506123,0.133702158927917,0.56268435716629,-0.118237987160683,-0.37132340669632,0.268633034080267,0.178879469633102,-0.63135901093483,0.542198732495308,0.533945351839066,-0.499625772237778,-0.056394100189209,-0.444218330085278,0.197110190347303,-0.438823454082012,-0.442239478230476,-0.229762002825737,0.151518583297729,-0.468729361891747,-0.48405297100544,-0.571875274181366,-0.227694913744926,0.16613850183785,-0.348308712244034,0.322361264377832,0.0916232019662857,0.0611902177333832,0.0692093372344971,0.886650145053864
0.176173307001591,0.339771248400211,0.23238525679335,-0.636365741491318,0.129561126232147,-0.368225388228893,-0.481327641755342,-0.404905980452895,0.0194407999515533,0.387771755456924,0.0798059403896332,-0.0774776488542557,0.329913012683392,-0.657682836055756,-0.162343092262745,0.0383878704160452,0.310949638485909,-0.0829058364033699,-0.209382385015488,0.43109292536974,0.0641883462667465,-0.837008893489838,-0.159401923418045,0.0697372108697891,0.822239309549332,0.123354896903038,0.151394754648209,-0.0507123470306396,0.872507154941559,0.642996035516262,0.319571539759636,0.327993407845497,-0.215719997882843,0.526763945817947,-0.12954930588603,0.261568122543395,-0.544348955154419,-0.860207587480545,0.349409721791744,-0.328376866877079,0.190468639135361,-0.668896704912186,0.141863867640495,0.498445525765419,0.515988782048225,-0.515392407774925,-0.0533544048666954,0.0704572647809982,0.234136357903481,0.121344044804573
0.316027350723743,0.061088690534234,0.149050869047642,0.443399399518967,-0.109504580497742,0.39812421426177,-0.481030359864235,-0.0973496101796627,-0.150392904877663,-0.459477335214615,-0.275115013122559,-0.192557133734226,-0.549606472253799,-0.152715645730495,-0.43687429279089,-0.238922104239464,-0.0668086819350719,-0.560277104377747,0.0467011332511902,0.0733559131622314,-0.320344649255276,0.32064912468195,-0.0498832389712334,0.147807791829109,-0.477622240781784,0.366881936788559,-0.028900682926178,0.0967660546302795,-0.0316736698150635,0.506243988871574,-0.205782726407051,0.0608072811737657,0.476942971348763,-0.352866917848587,0.916681587696075,-0.419858366250992,0.13001537322998,0.592877119779587,0.313772264868021,-0.330150783061981,0.0969423092901707,-0.256973676383495,-0.240759167820215,-0.250706419348717,0.930841505527496,-0.804476320743561,-0.118582643568516,-0.470905052497983,-0.00381150841712952,0.0241072177886963
-0.725625216960907,-0.0622175931930542,0.137331150472164,0.0289011672139168,-0.189696580171585,0.309826239943504,-0.178581051528454,-0.278020225465298,0.0351166725158691,-0.0565600097179413,0.0665619671344757,0.409108318388462,-0.190103054046631,-0.159659802913666,0.0211365222930908,0.342146112001501,-0.614760667085648,0.420896932482719,-0.40422859787941,0.427968037314713,0.276126492768526,0.39192733168602,0.599623680114746,0.548105470836163,-0.121519684791565,-0.025206983089447,-0.502895340323448,0.425784155726433,-0.104393430054188,0.569699004292488,-0.151939758565277,0.081992581486702,-0.439989320933819,-0.666486829519272,-0.741401225328445,-0.415742605924606,-0.478841871023178,-0.0964092463254929,0.7207200974226,-0.0375802591443062,0.19725888967514,-0.339691698551178,-0.293049857020378,0.381370104849339,0.0860598646104336,0.0897490382194519,0.0708493888378143,0.782181277871132,0.335023321211338,-0.400698333978653
0.823888838291168,0.287392174825072,0.554576769471169,-0.0475322306156158,0.0853555612266064,0.647309094667435,-0.210366018116474,0.160446474328637,-0.47988261282444,0.381648928392678,-0.113752566277981,0.471106231212616,-0.292159005999565,-0.0797123610973358,-0.503884941339493,0.815750539302826,0.307092919945717,-0.2451276704669,0.396368518471718,0.118352741003036,0.656642913818359,0.180057350546122,0.264042750000954,0.0518399178981781,0.726528197526932,0.0105989575386047,0.0931634344160557,-0.483537398278713,0.0992391109466553,-0.18202368170023,-0.541000008583069,0.787201046943665,-0.369080364704132,0.273109324276447,-0.041998602449894,-0.827217072248459,0.545518711209297,-0.632315903902054,0.101061379536986,0.0254259146749973,0.19089087843895,0.136149968951941,-0.546267867088318,0.072720468044281,-0.926081836223602,0.30159467458725,-0.637475341558456,-0.332101924344897,0.22284859418869,0.0327679365873337
-0.0341299623250961,0.121960713760927,-0.471317827701569,-0.362272679340094,-0.141427710652351,-0.187152151018381,0.480108708143234,0.494914345443249,0.392462432384491,-0.145640999078751,-0.0990018248558044,0.111799396574497,0.17562947422266,0.858980983495712,0.291551247239113,0.190016880631447,-0.314163357019424,0.315560132265091,0.329123061150312,-0.509897083044052,0.627159133553505,0.217769436538219,0.0776865482330322,-0.262627273797989,-0.22111901268363,0.0498080849647522,0.369348436594009,0.0580244958400726,0.251313738524914,-0.292684037238359,0.510920286178589,-0.418431513011456,0.0330489538609982,0.196886315941811,0.30322240293026,0.320621266961098,-0.0272262394428253,-0.0190026089549065,-0.532343000173569,0.583033517003059,0.290012657642365,-0.301898524165154,-0.336115792393684,-0.610750883817673,-0.195607408881187,0.0257449299097061,0.89110204577446,0.242877453565598,-0.0681039988994598,0.0477394610643387
-0.0172217786312103,0.56778671592474,0.218157052993774,0.273547619581223,-0.0956007321365178,0.168274540454149,-0.390760853886604,-0.677802413702011,0.195650948910043,-0.250177551060915,-0.665023297071457,-0.316796688362956,0.0125903470325284,0.000937744975090027,0.546085029840469,-0.19403050839901,-0.258129723370075,-0.339699655771255,-0.203709989786148,-0.0949676334857941,0.139095574617386,0.197749346494675,0.232338552363217,-0.154412331059575,0.155221782624722,-0.0378841329365969,0.31402762234211,0.179444879293442,0.457750774919987,-0.312113750725985,-0.165494978427887,-0.0277346670627594,0.214641721919179,-0.00272920727729797,0.00139164924621582,0.328894607722759,-0.0874950438737869,0.650607079267502,-0.191330530680716,-0.444858983159065,-0.379363983869553,0.104922533035278,-0.0848375558853149,0.437405141070485,-0.408261019736528,0.218940898776054,0.47272290661931,0.393865346908569,-0.253345876932144,-0.634770780801773
-0.414226502180099,0.35507558984682,0.0408851057291031,0.6589415371418,0.610233470797539,-0.240431934595108,0.736814588308334,-0.0989084634929895,-0.451607644557953,0.0613434165716171,-0.243692513555288,0.278899133205414,0.748606368899345,0.102061554789543,-0.673434257507324,-0.554328687489033,-0.286008968949318,-0.149978220462799,-0.32099661231041,0.0150342881679535,-0.323140919208527,-0.0818540751934052,0.187719337642193,-0.076048843562603,0.259064249694347,0.0714574456214905,0.636963129043579,-0.345270708203316,-0.395154923200607,-0.290616795420647,-0.256263762712479,0.169136382639408,-0.271546199917793,-0.398048840463161,-0.336985595524311,0.263624357059598,0.557352855801582,-0.306132741272449,0.232578620314598,-0.589992865920067,-0.0793285295367241,0.427534162998199,0.506839096546173,-0.933378159999847,-0.599294643849134,-0.316984541714191,-0.132080495357513,-0.865675210952759,0.822939246892929,0.417751185595989
-0.350437164306641,-0.37094460055232,-0.133658409118652,-0.488527379930019,0.690972149372101,0.370695173740387,-0.647107899188995,0.0262786746025085,-0.486545220017433,0.0446611493825912,0.642162561416626,-0.422788172960281,0.154110789299011,-0.237491175532341,0.0833808705210686,0.41505540907383,0.184018447995186,0.614390462636948,0.550824195146561,-0.891970753669739,0.774513721466064,-0.523348897695541,0.167020484805107,0.229275204241276,0.283402934670448,0.219669952988625,-0.472180116921663,0.49201625585556,0.068628815934062,-0.568052366375923,0.836354613304138,-0.0276549682021141,-0.101549375802279,0.408484935760498,0.848712682723999,-0.132858276367188,-0.632574737071991,-0.797568172216415,-0.431105196475983,-0.241576675325632,0.421455703675747,-0.337673366069794,0.235120981931686,0.359823867678642,0.00752800703048706,0.297948956489563,0.691595003008842,-0.232484452426434,-0.604066360741854,0.155046813189983
-0.555846020579338,0.130457431077957,0.0861794054508209,-0.0532449330203235,-0.151311986148357,-0.255967773497105,-0.626981228590012,0.389701343607157,-0.803747653961182,-0.604581065475941,-0.0473933219909668,-0.579952031373978,0.48698391020298,-0.292792558670044,-0.0950110740959644,0.047667533159256,0.051570001989603,-0.20807883143425,0.330795971676707,-0.579513788223267,-0.496601976454258,-0.289520651102066,0.0594816356897354,0.431477949023247,0.0861987695097923,0.182665079832077,-0.238829277455807,-0.162683801725507,-0.00600135326385498,-0.576904311776161,0.56072910130024,-0.0373876690864563,0.368539400398731,-0.125539541244507,0.315087787806988,0.0768515840172768,-0.355179101228714,-0.272614389657974,-0.516520142555237,-0.225932747125626,0.129304528236389,0.602835193276405,0.671421393752098,-0.0700653046369553,-0.13862156867981,-0.70523564517498,-0.328634940087795,-0.493390004150569,-0.555747151374817,0.0244164764881134
0.53648217022419,0.152229286730289,0.232195749878883,0.652851700782776,-0.525270849466324,-0.652036488056183,-0.0571642816066742,-0.342713817954063,0.589425474405289,0.134075634181499,-0.369914370588958,-0.448710344731808,-0.231487341225147,0.0974147990345955,0.437746249139309,-0.018396370112896,0.067411869764328,0.121098212897778,0.316314853727818,-0.722905069589615,-0.275564201176167,0.0764795988798141,-0.0963258445262909,-0.231788450852036,-0.238901605829597,-0.205063462257385,0.0596655160188675,-0.586623549461365,-0.070762500166893,-0.216731682419777,0.0158678293228149,0.231710566207767,-0.73160383105278,0.568457797169685,-0.696047842502594,0.453946188092232,-0.745174497365952,-0.614121571183205,0.611017554998398,0.374605491757393,-0.0463787615299225,-0.303540617227554,-0.722875654697418,-0.149353235028684,-0.758397042751312,-0.214556887745857,0.289922811090946,-0.359011396765709,0.437937013804913,-0.734292954206467
-0.230077758431435,0.278682269155979,-0.697837710380554,-0.549626111984253,-0.115340117365122,-0.289442263543606,-0.148149505257607,0.327765420079231,-0.496465511620045,-0.308143749833107,0.877652227878571,-0.154683470726013,0.846158415079117,-0.353787958621979,0.408870011568069,-0.780456751585007,-0.379721380770206,-0.504291489720345,0.15213132230565,0.0749264284968376,0.208278995007277,-0.308907121419907,0.00683504343032837,-0.295275449752808,0.0123955607414246,-0.12181892991066,-0.119568601250648,0.104140877723694,-0.108011871576309,-0.868394047021866,-0.0169302821159363,-0.259363293647766,0.294430376030505,-0.122932732105255,-0.265735261142254,0.376882717013359,0.286916758865118,-0.571445256471634,-0.155458867549896,-0.0440958142280579,0.608968187123537,0.0404166728258133,0.192443415522575,-0.503152191638947,0.211643826216459,-0.316655497066677,-0.646225901320577,0.407386803999543,0.153885722160339,0.229228168725967
0.228273930959404,-0.374866358935833,-0.767712011933327,0.176216579973698,0.223370343446732,0.531809240579605,0.205189801752567,0.270018063485622,0.0311180353164673,0.136569738388062,-0.504112876951694,-0.395671019330621,-0.0150902643799782,0.329170785844326,0.236703380942345,-0.269746676087379,-0.217713117599487,0.669482856988907,0.135337024927139,0.236967742443085,-0.350125045515597,-0.00182246789336205,-0.867640942335129,-0.693796396255493,-0.0070948600769043,-0.211565621197224,-0.585950426757336,-0.112040087580681,-0.223040267825127,0.213450372219086,-0.0695140063762665,0.706965178251266,-0.00196054577827454,0.0372371673583984,0.227654596790671,0.225304290652275,0.769292324781418,-0.194567069411278,0.221890920773149,-0.459589138627052,0.9598688185215,-0.361371584236622,0.187331281602383,-0.971598088741302,0.123940855264664,0.445639684796333,0.842801287770271,-0.13670751452446,-0.144509702920914,-0.284147009253502
-0.238603144884109,0.0539276748895645,0.73837023973465,-0.511273644864559,-0.175259530544281,-0.438429717905819,0.727214455604553,-0.300773352384567,0.0946215689182281,-0.579551726579666,-0.244667496532202,-0.666370064020157,0.0987381935119629,0.390606239438057,0.457235674373806,0.231984689831734,0.252005249261856,-0.23557261377573,0.0358909219503403,-0.158466398715973,0.210019558668137,0.630487561225891,0.106173545122147,-0.589361786842346,-0.129469186067581,-0.439551578834653,-0.0860053151845932,0.337580695748329,0.174234390258789,-0.0306047890335321,0.702010616660118,0.70025110244751,-0.0687142182141542,0.289108604192734,-0.350147545337677,-0.355486035346985,-0.0934400707483292,0.0145383700728416,0.0264215171337128,-0.279588580131531,0.72699385881424,-0.153946161270142,-0.408251479268074,0.818688243627548,-0.923603862524033,0.685784161090851,0.134079739451408,0.180321328341961,-0.0267747268080711,0.035429060459137
0.389485601335764,-0.451229706406593,0.604191729798913,0.693147242069244,1.00594025850296,-0.107174128293991,-0.56274801492691,-0.405179567635059,0.783831745386124,-0.156362965703011,-0.444115594029427,-0.0691350912675261,-0.103933706879616,0.709147766232491,-0.625370666384697,0.640081316232681,-0.782535910606384,-0.164275974035263,-0.0847234129905701,-0.831146150827408,-0.236197259277105,0.292507402598858,0.0895842462778091,0.0218235850334167,-0.0605046302080154,-0.483888536691666,0.166462525725365,-0.203249633312225,0.161635294556618,0.132711978629231,0.626457892358303,-0.769565343856812,-0.0442032217979431,0.175189696252346,-0.125617641955614,0.977800935506821,0.545490995049477,0.18165347725153,0.283831678330898,0.611304931342602,0.08967818133533,-0.822517335414886,-0.355596393346786,0.204668536782265,-0.388927557505667,-0.873455494642258,-0.247621357440948,0.172992274165154,0.257984384894371,-0.148291647434235
0.34611850976944,0.289621740579605,0.34339695237577,-0.0257501900196075,-0.0894072717055678,-0.155100703239441,0.172023491933942,-0.342608548700809,-0.242837622761726,-0.0362272560596466,0.205328021198511,-0.00758136808872223,-0.0916636968031526,0.757990270853043,0.31211007013917,-0.515066975727677,-0.0438767224550247,-0.37431712448597,-0.852069824934006,0.797544300556183,-0.191000676713884,-0.373929142951965,-0.881993040442467,-0.349972531199455,0.708224922418594,0.174817427992821,0.967443078756332,-0.251717135310173,0.600482076406479,-0.184874027967453,-0.134971842169762,0.292663112282753,-0.346838939934969,0.0910653173923492,0.531017862260342,-0.0131163448095322,0.12144348025322,-0.52718548476696,-0.71564906835556,0.0425732731819153,-0.139907091856003,-0.0784200131893158,0.321827381849289,-0.111680526286364,0.452001996338367,-0.26597997918725,-0.0655116438865662,0.282475885003805,0.299947619438171,-0.868529617786407
-0.810666024684906,-0.111780285835266,0.0816696081310511,-0.480244651436806,-0.342519208788872,-0.0642896890640259,-0.0448814332485199,-0.664499521255493,-0.229216694831848,0.339231342077255,0.573412399739027,0.888978630304337,-0.304926618933678,-0.394369103014469,-0.651110157370567,0.0238681510090828,0.228966727852821,0.208513259887695,-0.40274927765131,-0.362971365451813,0.516054220497608,0.0967791378498077,0.253154084086418,0.247586444020271,0.303307086229324,0.828279763460159,0.405816689133644,-0.306436657905579,-0.277991458773613,0.0804285109043121,0.401747077703476,-0.0828084945678711,-0.282373696565628,-0.99998527765274,0.206811755895615,0.145437404513359,-0.839246019721031,0.0951755046844482,-0.139526516199112,0.113315090537071,-0.181739866733551,-0.234210088849068,0.360900640487671,0.200333751738071,0.271899968385696,-0.043569952249527,1.05182689428329,0.638619050383568,-0.282573334872723,-0.31300575658679
-0.0241577103734016,-0.152060285210609,0.475957274436951,-0.095370389521122,-0.319404415786266,-0.489060252904892,-0.524502038955688,-0.173152677714825,0.447476774454117,-0.166581928730011,-0.419613778591156,1.01129832863808,-0.717995584011078,-0.184362970292568,-0.212386846542358,0.247468948364258,0.557524047791958,-0.155740473419428,0.458786021918058,-0.192633812315762,0.375769019126892,0.340515859425068,-0.149287432432175,0.294791489839554,-0.106907412409782,-0.35752858966589,-1.01755636930466,-0.195815227460116,0.00112913036718965,-0.354096785187721,0.696739614009857,-0.552861332893372,0.183426924049854,0.155446425080299,-0.101086542010307,0.449006021022797,-0.508190996944904,-0.333816803991795,-0.00239251367747784,0.507673799991608,-0.152373317629099,0.539239495992661,-0.351505964994431,0.0521183013916016,-0.553870648145676,0.0757192075252533,-0.075975775718689,-0.612400576472282,-0.295528620481491,-0.49309029430151
1.06425940990448,0.0177464187145233,-0.0918982923030853,-0.674060761928558,-0.20148827880621,-0.440259173512459,0.136578746140003,-0.386007830500603,-0.191293716430664,-0.0958070755004883,0.370324298739433,0.276967093348503,0.556597948074341,-0.106196999549866,0.255729641765356,0.0569643080234528,0.315669063478708,0.879017651081085,-0.0528739914298058,-0.378300487995148,-0.000478208065032959,0.189523324370384,-0.204091817140579,-0.231226578354836,0.21924330573529,0.21929956227541,-0.539120018482208,0.137735813856125,0.0876452028751373,0.270747616887093,-0.260419966652989,0.234673727303743,-0.233481705188751,0.079584151506424,-0.468445688486099,0.23884916305542,0.0608674343675375,-0.483937501907349,-0.691265925765038,0.347085550427437,0.357848700135946,-0.357997395098209,-0.113191016018391,-0.642912209033966,-0.00517390668392181,0.816799610853195,-0.0696840882301331,0.219577915966511,-0.202503349632025,-0.40875730663538
0.692967712879181,0.0162000004202127,0.101920690387487,0.0368297398090363,-0.0344001054763794,-0.448478803038597,-0.191873710602522,-0.172835126519203,0.634642533957958,-0.437040492892265,0.145415931940079,-0.0908911880105734,0.115705362986773,0.174619093537331,0.163553785532713,0.0799577236175537,-0.171041131019592,0.485132051631808,-0.257055036723614,-0.581633433699608,-0.00483039021492004,0.215495884418488,-0.767144687473774,0.0245048925280571,0.170929163694382,0.432581126689911,-1.11590400338173,0.199820220470428,-0.0786202251911163,-0.67405141890049,0.138249118230306,0.335393980145454,0.216869860887527,0.795072048902512,0.400207258760929,0.364974630996585,-0.125216942280531,-0.373510524630547,-0.305251598358154,0.709868863224983,-0.276929028332233,-0.211353003978729,-0.245056878775358,-0.570297606289387,-0.254841014742851,0.828939259052277,0.0864135026931763,0.42655237019062,-0.662090569734573,-1.04304909706116
0.66509547457099,0.0646052658557892,0.434279732406139,-0.477050747722387,-0.131970522925258,-0.406017858535051,-0.490899402648211,0.287225991487503,0.45088854432106,0.207542635500431,0.298407580703497,-0.115910649299622,-0.139439716935158,0.208706140518188,0.697316855192184,0.0362521111965179,-0.276388607919216,0.508878588676453,-0.349624954164028,-0.315667673945427,-0.388978287577629,0.0475353896617889,-0.482835173606873,-0.182932466268539,0.90064263343811,-0.61028540879488,-0.489859655499458,-0.479222543537617,-0.00818300247192383,-0.0367432497441769,-0.0621072351932526,-0.233177073299885,-0.588594377040863,-0.494166821241379,-0.408953364938498,0.406398758292198,0.597594439983368,0.42233058437705,-0.250536069273949,0.511182643473148,0.158094808459282,0.0710977911949158,0.239120841026306,-0.448467284440994,-0.584583342075348,0.227284014225006,-0.332288652658463,0.728770703077316,0.191470041871071,-0.79881589114666
0.815990775823593,0.20909558981657,0.380307540297508,0.128305658698082,-0.779784768819809,-0.271494075655937,-0.792764663696289,-0.533281952142715,0.0752554535865784,0.181399971246719,0.384111016988754,0.157769307494164,-0.564155265688896,-0.479959167540073,0.126321882009506,-0.672727137804031,0.71143314242363,-0.0681863129138947,-0.0801735762506723,0.132466524839401,-0.81705904006958,0.508680149912834,-0.148412480950356,0.182350875809789,-0.117539316415787,0.206788748502731,-0.66771824657917,0.0182441174983978,0.465976357460022,0.331703059375286,0.0632171332836151,-0.330691523849964,-0.17998019605875,0.54407887160778,0.652626782655716,-0.48348031938076,0.0266459584236145,-0.272975280880928,-0.513057812582701,0.0761403441429138,-0.246956661343575,-0.0663670524954796,-0.174428854137659,0.28919942677021,0.37645024061203,-0.181334406137466,-0.737063825130463,0.320148959755898,0.156890731304884,-0.562283113598824
0.351738527417183,-0.0471822815015912,0.054692629724741,0.555707335472107,0.256419897079468,-0.0717992186546326,-0.453860104084015,-0.156718134880066,0.620080679655075,0.944136917591095,0.352612718939781,0.130216654390097,0.305837623775005,-0.738371551036835,-0.465414419770241,0.00622072815895081,0.0338345170021057,1.01407772302628,-0.425146345049143,-0.214269353076816,0.374524816870689,0.135326500982046,0.1689782589674,-0.713074952363968,0.136538174003363,0.708701267838478,0.373390629887581,-0.0811965465545654,-0.161033131647855,-0.0676696449518204,0.504844181239605,-0.439552702009678,-0.0277726650238037,0.0472458302974701,-0.0518686771392822,0.779530435800552,-0.0251912176609039,-0.737776428461075,-0.387982212007046,-0.146471440792084,-0.27189764380455,-0.174865752458572,0.281039819121361,-0.0612722784280777,-0.138152226805687,-0.588183060288429,0.32387512922287,-0.472581416368484,-0.803038597106934,-0.664743393659592
-0.0449035167694092,0.205709531903267,-0.153369322419167,0.164810001850128,-0.45401394367218,-0.334343731403351,0.600013718008995,0.189203813672066,-0.496755153872073,-0.36490024253726,0.471063792705536,0.182119615375996,-0.0562925338745117,0.0871677696704865,0.271836653351784,-0.631847262382507,0.89351099729538,-0.464978901669383,0.0935556292533875,0.068902850151062,0.212159864604473,-0.306302733719349,0.364238084293902,0.497757829725742,-0.256218180060387,-0.162365820258856,0.444765593856573,-0.736025363206863,-0.0430649220943451,-0.226414646953344,0.308054454624653,-0.648553773760796,-0.0618897443637252,-0.369924917817116,0.779517322778702,-0.425311177968979,-0.583361223340034,-0.312136754393578,0.0049951896071434,0.0826223790645599,0.170622497797012,0.0323610454797745,-0.320984318852425,0.0372439175844193,0.721358984708786,-0.712199598550797,-0.541589677333832,-0.469042174518108,-0.464335620868951,-0.175954718142748
0.0433980226516724,-0.271677240729332,0.0121736526489258,-0.457749505876563,0.283987548667938,0.420596621930599,0.197860445827246,0.21667948551476,0.166049979627132,-0.355203896760941,0.0635173358023167,0.0495955273509026,0.534462220966816,0.378017574548721,0.0731047540903091,-0.899468600749969,0.4273661673069,0.218435812741518,-0.761706292629242,-0.555574864149094,0.344599038362503,-0.501513302326202,-0.503711670637131,-0.293379504233599,0.0300563154742122,-0.235150655731559,-0.251881822943687,-0.122313363477588,-0.0332931876182556,0.76148596405983,0.327693888917565,-0.135515183210373,0.126462787389755,0.333821661770344,-0.462667886167765,0.264332711696625,0.0641822032630444,-0.526123635470867,-0.463374994229525,-0.429033733904362,-0.0419165249913931,-0.694021157920361,0.362730383872986,0.640648633241653,0.139614552259445,-0.177236407995224,-0.20327715575695,-0.663989916443825,-0.914637327194214,0.274739012122154
